Duration mean, 28.386875, std dev, 2.29015625
Rel slew mean, 0.019523234752283854, std dev, 0.007892702352219947
Rel wait mean, 0.6575940510066165, std dev, 0.2635180535599821
Rel obs mean, 0.32288271424109966, std dev, 0.2560356911506421
No, Duration, Slew time, Wait time, Obs time, Rel slew, Rel wait, Rel obs, Max attempts, Times max att, Obs result 1, Obs result 2, Obs result 3, Obs result 4, Interruption 1, Interruption 2 
0, 27.075833333333332, 0.4841666666666667, 11.633333333333333, 14.958333333333332, 0.017881874980763903, 0.4296574435997661, 0.55246068141947, 4, 1, 21, 15, 49, 2, 26, 4, 
1, 27.078611111111112, 0.41111111111111115, 25.216666666666665, 1.4508333333333332, 0.015182134320855944, 0.9312392930049342, 0.05357857267420986, 3, 2, 7, 2, 3, 0, 3, 0, 
2, 37.5475, 1.0486111111111112, 11.116666666666667, 25.38222222222222, 0.027927588018139986, 0.29606942317508933, 0.6760029888067707, 5, 2, 35, 24, 63, 4, 29, 7, 
3, 27.078611111111112, 1.013611111111111, 15.833333333333334, 10.231666666666667, 0.03743216766000226, 0.5847173353302627, 0.37785049700973505, 3, 2, 13, 11, 29, 4, 0, 2, 
4, 27.080277777777777, 0.34055555555555556, 25.45, 1.2897222222222222, 0.012575777780057237, 0.9397983362225482, 0.047625885997394576, 2, 3, 4, 4, 2, 0, 1, 0, 
5, 27.081944444444446, 0.6711111111111111, 7.2, 19.210833333333333, 0.024780757987589108, 0.26585978768141955, 0.7093594543309913, 3, 1, 26, 14, 43, 5, 12, 2, 
6, 27.072499999999998, 0.29, 24.966666666666665, 1.8158333333333334, 0.01071197709853172, 0.9222150398620987, 0.0670729830393696, 3, 1, 3, 2, 4, 0, 0, 0, 
7, 27.079722222222223, 0.2625, 24.133333333333333, 2.683888888888889, 0.009693600172330669, 0.8911957491768133, 0.09911065065085602, 3, 1, 2, 4, 6, 0, 1, 0, 

Obs result 1, Max scintillation; shortened observation
Obs result 2, Normal scintillation.
Obs result 3, Short timescale; repeated check of scintillation.
Obs result 4, Weak scintillation; aborted.

Interruption 1, Object set.
Interruption 2, Interference from satellite.
